condition,round_idx,n_episodes,success_rate,subtask_replay_verified_rate,episode_success_after_replay_rate,memory_reuse_rate,avg_atomic_steps,avg_tokens,avg_wall_clock_seconds,memory_bank_size,memories_pruned_by_strikes_cum,n_errors
dms,0,29,0.13793103448275862,0.7368421052631579,0.0,0.16666666666666666,29.93103448275862,401285.275862069,289.28484842695036,7,1,0
dms,1,29,0.20689655172413793,0.6923076923076923,0.16666666666666666,0.14968152866242038,28.620689655172413,382378.0689655172,257.3821716390807,4,1,0
dms,2,29,0.20689655172413793,0.9,0.3333333333333333,0.19224806201550387,27.79310344827586,357138.5517241379,244.31337812029082,12,0,0
dms,3,29,0.13793103448275862,0.9830508474576272,0.0,0.4711934156378601,29.517241379310345,395993.5517241379,291.0750314120589,20,0,0
dms,4,29,0.1724137931034483,0.8421052631578947,0.0,0.2091917591125198,27.620689655172413,362444.5172413793,247.47124269912982,28,1,0
